Timestamp,"Enter the same four-digit participant ID that you used for the Stroop task. As a reminder, it was the first two digits should be the day of the month you were born, from 01 to 31. Choose any two digits for the final two positions. Do not use your name or full birthdate.",What was your speed on congruent trials?,"What was your speed on neutral trials?
","What was your speed on incongruent trials?
"
10/6/2026 12:39:18,2214,705,760,983
10/6/2026 12:39:29,0404,595,567,716
10/6/2026 12:39:32,0813,799,692,779
10/6/2026 12:39:43,1838,684,620,757
10/6/2026 12:39:43,2713,522,681,721
10/6/2026 12:39:46,1828,612,676,722
10/6/2026 12:39:47,2020,614,678,731
10/6/2026 12:39:54,0211,781,777,1025
10/6/2026 12:40:01,1526,646,673,802
10/6/2026 12:40:01,1005,640,563,670
10/6/2026 12:40:13,0825,726,699,782
10/6/2026 12:40:16,2809,660,696,807
10/6/2026 12:40:37,0202,693,700,929
10/6/2026 12:40:42,1105,521,593,644
10/6/2026 12:40:49,0303,881,1038,982
10/6/2026 12:40:53,0514,853,1044,1080
10/6/2026 12:41:07,0705,800,1029,1082
10/6/2026 12:41:07,0921,685,829,893
10/6/2026 12:41:15,2327,630,650,700
10/6/2026 12:41:25,0621,730,780,650
10/6/2026 12:42:26,1012,1054,955,1173
10/6/2026 12:42:48,0210,881,873,903
10/6/2026 12:43:23,1210,853,886,1182